_id,Pred
40195,435.42078
40196,458.71606
40197,510.23346
40198,494.3839
40199,489.80408
40200,483.95728
40201,545.6395
40202,540.4304
40203,521.6007
40204,529.023
40205,522.76886
40206,554.72656
40207,612.81604
40208,626.2666
40209,635.57245
40210,662.6262
40211,700.16925
40212,729.3544
40213,777.56067
40214,804.8789
40215,830.36285
40216,853.4483
40217,868.55194
40218,927.7162
40219,961.60175
40220,1019.789
40221,1038.1389
40222,1153.2705
40223,1308.0479
40224,1383.5222
40225,1325.6963
40226,1180.7542
40227,1053.9954
40228,1013.1334
40229,925.1572
40230,901.24744
40231,867.4232
40232,875.77246
40233,836.33887
40234,858.78296
40235,848.3592
40236,826.4269
40237,803.85144
40238,808.24023
40239,809.7577
40240,789.2461
40241,766.44446
40242,760.9541
40243,810.5119
40244,827.20306
40245,788.9096
40246,785.2334
40247,748.08563
40248,738.0958
40249,699.5026
40250,692.4695
40251,692.8716
40252,724.32996
40253,662.3658
40254,642.87524
40255,635.01636
40256,619.6632
40257,594.2433
40258,603.2363
40259,585.6247
40260,606.414
40261,671.48376
40262,666.66016
40263,680.1819
40264,666.1416
40265,744.13025
40266,791.06165
40267,769.1346
40268,716.6003
40269,707.65607
40270,773.5204
40271,910.50793
40272,1062.0922
40273,1184.503
40274,1179.1423
40275,1068.6292
40276,1006.02344
40277,924.6896
40278,955.2049
40279,960.7723
40280,920.7495
40281,839.0548
40282,814.0785
40283,825.0209
40284,815.85596
40285,813.76135
40286,838.9625
40287,853.9473
40288,825.0215
40289,851.7462
40290,917.4442
40291,991.4225
40292,989.9111
40293,1003.64734
40294,976.7457
40295,929.7826
40296,914.97876
40297,920.10956
40298,935.23456
40299,891.7712
40300,879.3982
40301,889.849
40302,906.4928
40303,903.7395
40304,884.91064
40305,856.2245
40306,832.1011
40307,783.5518
40308,749.7693
40309,656.2202
40310,626.7272
40311,623.6116
40312,585.47327
40313,543.91016
40314,518.246
40315,514.7079
40316,515.6388
40317,472.70172
40318,511.7967
40319,517.7653
40320,459.68823
40321,462.56958
40322,495.508
40323,725.58856
40324,711.1354
40325,716.4155
40326,721.5478
40327,735.041
40328,736.10254
40329,734.03235
40330,752.3516
40331,771.2803
40332,796.2591
40333,800.2702
40334,833.63196
40335,860.94336
40336,902.3154
40337,929.9413
40338,996.23193
40339,1081.5048
40340,1181.4437
40341,1338.7903
40342,1521.1072
40343,1682.3907
40344,1764.1177
40345,1777.5588
40346,1778.9458
40347,1759.1973
40348,1729.9783
40349,1621.3735
40350,1486.6963
40351,1388.3694
40352,1328.4243
40353,1223.4631
40354,1120.6758
40355,1032.0852
40356,969.5232
40357,904.9121
40358,863.72626
40359,843.2925
40360,837.4151
40361,813.8139
40362,805.9901
40363,798.7798
40364,777.5168
40365,780.43634
40366,777.7999
40367,779.8244
40368,806.78314
40369,814.90265
40370,821.84906
40371,823.6804
40372,858.10876
40373,889.7269
40374,910.4022
40375,948.37805
40376,972.98975
40377,960.4408
40378,1000.0137
40379,1001.7965
40380,979.1861
40381,964.8892
40382,976.9321
40383,967.7781
40384,937.25244
40385,928.92426
40386,947.6074
40387,959.10266
40388,961.27625
40389,955.8556
40390,962.00806
40391,977.4575
40392,976.60535
40393,992.3678
40394,1026.791
40395,1049.5928
40396,1085.8877
40397,1068.7925
40398,1097.2394
40399,1131.7798
40400,1167.2764
40401,1164.4473
40402,1144.133
40403,1135.9697
40404,1118.1958
40405,1096.9382
40406,1081.3403
40407,1083.7888
40408,1053.3148
40409,1036.901
40410,1011.0139
40411,980.0497
40412,961.3959
40413,947.10187
40414,934.1188
40415,926.7527
40416,892.4634
40417,880.17004
40418,892.6347
40419,882.5967
40420,895.8153
40421,895.4878
40422,891.4079
40423,864.5591
40424,856.5033
40425,853.81055
40426,835.4724
40427,828.5926
40428,847.6945
40429,854.94824
40430,871.77277
40431,881.0195
40432,885.33295
40433,857.00806
40434,859.02026
40435,862.22345
40436,858.10645
40437,838.0397
40438,834.8215
40439,856.8999
40440,844.4861
40441,832.26624
40442,856.65686
40443,852.99695
40444,877.85455
40445,878.46045
40446,921.83203
40447,938.09155
40448,939.8814
40449,938.57745
40450,949.40967
40451,995.79376
40452,1015.4277
40453,1047.7913
40454,1061.4187
40455,1070.5071
40456,1049.2239
40457,1035.2542
40458,1028.4602
40459,1007.9976
40460,965.53357
40461,953.7042
40462,972.1659
40463,945.7266
40464,935.9745
40465,927.28815
40466,916.6016
40467,917.6193
40468,901.5555
40469,906.61005
40470,890.6299
40471,901.5417
40472,909.24524
40473,906.8078
40474,891.86566
40475,901.6125
40476,880.12714
40477,847.30774
40478,865.1097
40479,895.139
40480,906.4956
40481,883.466
40482,869.54034
40483,864.3824
40484,851.1787
40485,845.0557
40486,847.1712
40487,809.75946
40488,814.20557
40489,801.77014
40490,801.75824
40491,814.31476
40492,810.4887
40493,807.9367
40494,829.2469
40495,840.6197
40496,875.5383
40497,907.6992
40498,887.5201
40499,913.9775
40500,946.3378
40501,978.96875
40502,1013.1333
40503,1022.13855
40504,1050.7853
40505,1058.8428
40506,1072.1887
40507,1047.7972
40508,1017.26624
40509,987.0399
40510,1003.7428
40511,1000.04596
40512,972.15845
40513,950.3648
40514,371.6059652
40515,317.1919464
40516,322.034136
40517,349.8348121
40518,484.3664934
40519,375.1337814
40520,386.0694488
40521,434.682395
40522,523.3472368
40523,575.4780651
40524,772.8549605
40525,997.5911497
40526,1407.461496
40527,1639.840946
40528,1963.1449
40529,556.0888685
40530,2991.401676
40531,3932.892833
40532,4562.003942
40533,4648.865974
40534,4851.484615
40535,4222.504382
40536,3764.069593
40537,3443.277502
40538,2823.695108
40539,2404.484367
40540,602.7363926
40541,1980.469291
40542,1506.602346
40543,1219.437608
40544,1102.068243
40545,1224.603093
40546,1192.426739
40547,1025.199218
40548,987.4049724
40549,970.4382324
40550,893.19263
40551,651.970889
40552,838.2166344
40553,738.5824168
40554,575.2096356
40555,609.4161647
40556,635.529997
40557,627.6635253
40558,636.4305426
40559,415.9874512
40560,581.1435831
40561,649.3862075
40562,666.9814481
40563,680.1890782
40564,571.3750072
40565,442.4035998
40566,379.9832625
40567,320.5858742
40568,325.6340562
40569,353.1392016
40570,493.2876561
40571,378.313734
40572,387.5201317
40573,436.4592617
40574,523.1974052
40575,574.0485565
40576,764.3049612
40577,984.9751921
40578,1385.067659
40579,1614.085728
40580,1927.918206
40581,564.8434911
40582,2927.215424
40583,3841.588412
40584,4453.796922
40585,4537.61242
40586,4731.22421
40587,4117.856944
40588,3674.574966
40589,3359.47306
40590,2757.157561
40591,2344.802493
40592,611.2209377
40593,1928.671149
40594,1466.411355
40595,1186.014364
40596,1067.900477
40597,1180.810599
40598,1154.608574
40599,999.5447144
40600,966.9430004
40601,950.4558331
40602,876.5717195
40603,665.6055454
40604,821.8030281
40605,727.4351538
40606,570.6161315
40607,624.5134765
40608,652.1137171
40609,644.599244
40610,655.1339433
40611,413.5115495
40612,569.0490627
40613,633.7050157
40614,651.3698559
40615,666.7077795
40616,563.1267583
40617,442.2948709
40618,382.3165451
40619,325.1815391
40620,329.8638183
40621,357.2790287
40622,490.2377735
40623,381.5288726
40624,393.1639589
40625,441.8425893
40626,534.4980081
40627,586.5667806
40628,785.9433103
40629,1015.248755
40630,1432.672651
40631,1671.820099
40632,2001.05899
40633,558.3679721
40634,3049.911196
40635,4010.356831
40636,4651.721361
40637,4738.749961
40638,4939.84455
40639,4296.210895
40640,3828.465076
40641,3497.135847
40642,2861.229034
40643,2424.720879
40644,603.9614001
40645,1984.037893
40646,1493.945223
40647,1197.057263
40648,1066.12304
40649,1174.146501
40650,1147.899509
40651,999.8880004
40652,974.1027053
40653,961.3510054
40654,887.2659735
40655,655.032491
40656,827.7493168
40657,728.483292
40658,571.1723122
40659,613.8444909
40660,640.7847582
40661,633.5141315
40662,643.4635534
40663,405.8004569
40664,560.1883608
40665,624.1648127
40666,641.7192048
40667,658.5974821
40668,556.4075913
40669,436.2671832
40670,377.351633
40671,320.9663977
40672,325.78212
40673,353.3770821
40674,488.2917321
40675,378.2379755
40676,389.1410023
40677,437.8384214
40678,527.7395749
40679,579.6165335
40680,776.5101485
40681,1002.328701
40682,1413.440733
40683,1647.900171
40684,1971.859232
40685,558.5606465
40686,3003.089615
40687,3947.233967
40688,4578.172859
40689,4664.555065
40690,4864.955973
40691,4232.965748
40692,3773.555776
40693,3449.607187
40694,2826.648895
40695,2401.811296
40696,604.7420307
40697,1972.603037
40698,1494.385266
40699,1204.579659
40700,1081.700986
40701,1196.760363
40702,1168.00429
40703,1010.571634
40704,978.4670095
40705,963.2566637
40706,887.8659018
40707,655.6271229
40708,831.1275305
40709,732.5827886
40710,572.7865906
40711,613.8761077
40712,640.5837818
40713,633.0165172
40714,642.5688463
40715,411.5066238
40716,570.6718371
40717,636.5811124
40718,654.1726342
40719,669.2166643
40720,563.9654261
40721,439.9521844
40722,379.3583645
40723,321.5600731
40724,326.4505708
40725,353.9751982
40726,490.7612729
40727,378.8597578
40728,389.1736913
40729,437.9703554
40730,527.0222196
40731,578.4980684
40732,773.0189066
40733,997.2766265
40734,1404.841503
40735,1637.830905
40736,1958.436993
40737,561.1933239
40738,2979.268338
40739,3913.694783
40740,4538.550171
40741,4623.958569
40742,4821.60164
40743,4195.431127
40744,3741.374313
40745,3419.858955
40746,2803.344008
40747,2381.71452
40748,607.3525981
40749,1956.001788
40750,1482.430917
40751,1195.350537
40752,1073.051324
40753,1185.937691
40754,1158.71541
40755,1003.976319
40756,972.7928871
40757,957.4810129
40758,882.9637987
40759,659.7566324
40760,826.5638196
40761,729.6630147
40762,571.5759596
40763,618.3862275
40764,645.5144878
40765,638.0227821
40766,648.0632938
40767,411.3353979
40768,568.1046393
40769,633.1355545
40770,650.751549
40771,666.2489802
40772,562.2552772
40773,440.2864718
40774,380.2546331
40775,322.9910936
40776,327.7798009
40777,355.2705802
40778,490.0965755
40779,379.8814495
40780,390.8617862
40781,439.590561
40782,530.3243741
40783,582.1237971
40784,779.1311015
40785,1005.811336
40786,1418.197106
40787,1654.064109
40788,1978.935745
40789,559.5222135
40790,3013.525696
40791,3960.73896
40792,4593.692788
40793,4679.96347
40794,4879.565896
40795,4244.939214
40796,3784.112021
40797,3457.994515
40798,2832.092881
40799,2403.5723
40800,605.4452356
40801,1970.878099
40802,1489.460808
40803,1197.728635
40804,1071.65986
40805,1182.871155
40806,1155.788099
40807,1003.422407
40808,974.3655494
40809,960.1587131
40810,885.6684581
40811,657.0112629
40812,827.8847557
40813,729.6853259
40814,571.6215084
40815,615.6500997
40816,642.6231978
40817,635.211807
40818,645.1261829
40819,409.0163783
40820,565.2039722
40821,629.9446192
40822,647.5300775
40823,663.5324719
40824,560.0792156
40825,438.5203068
40826,378.8616671
40827,321.875176
40828,326.6935892
40829,354.2346607
40830,489.4494739
40831,379.0007068
40832,389.8288262
40833,438.5564534
40834,528.6354349
40835,580.4097994
40836,776.9233469
40837,1002.803744
40838,1413.785039
40839,1648.53893
40840,1972.258912
40841,559.4134166
40842,3002.957564
40843,3946.577031
40844,4577.224501
40845,4663.388034
40846,4862.97838
40847,4230.985997
40848,3771.973475
40849,3447.601274
40850,2824.630937
40851,2398.908518
40852,605.4884475
40853,1968.945022
40854,1490.291816
40855,1200.21096
40856,1076.171832
40857,1189.316836
40858,1161.498605
40859,1006.556646
40860,975.8249349
40861,960.9941013
40862,886.1167322
40863,656.9155472
40864,829.0247125
40865,730.9113617
40866,572.1079492
40867,615.3872278
40868,642.2754479
40869,634.7834956
40870,644.5667745
40871,410.4890318
40872,568.0448994
40873,633.33366
40874,650.9271635
40875,666.4322394
40876,562.118872
40877,439.4446077
40878,379.3220994
40879,321.9413442
40880,326.7850364
40881,354.3101164
40882,490.1222993
40883,379.0986713
40884,389.7357805
40885,438.4929209
40886,528.2531941
40887,579.9053222
40888,775.6613882
40889,1000.99623
40890,1410.77882
40891,1644.983082
40892,1967.58749
40893,560.1885172
40894,2994.794458
40895,3935.155187
40896,4563.757021
40897,4649.619181
40898,4848.385033
40899,4218.392175
40900,3761.158324
40901,3437.686211
40902,2816.931129
40903,2392.444905
40904,606.2720761
40905,1963.796694
40906,1486.805811
40907,1197.702858
40908,1074.038713
40909,1186.727463
40910,1159.293945
40911,1004.89969
40912,974.2762933
40913,959.3530479
40914,884.6979302
40915,658.1387961
40916,827.7757693
40917,730.1617469
40918,571.7949542
40919,616.7074637
40920,643.7127932
40921,636.2353795
40922,646.1513475
40923,410.5844805
40924,567.561259
40925,632.6423548
40926,650.2439647
40927,665.8348985
40928,561.8113391
40929,439.636392
40930,379.6354849
40931,322.3751295
40932,327.1909503
40933,354.7043341
40934,489.9908307
40935,379.4134249
40936,390.2304641
40937,438.9702749
40938,529.2009382
40939,580.9374968
40940,777.3604555
40941,1003.36419
40942,1414.466653
40943,1649.475259
40944,1973.242026
40945,559.7667847
40946,3004.20882
40947,3948.062452
40948,4578.87831
40949,4664.967892
40950,4864.236609
40951,4231.918347
40952,3772.840368
40953,3448.083964
40954,2824.747162
40955,2398.326784
40956,605.7806645
40957,1967.72531
40958,1488.557491
40959,1198.163171
40960,1073.411026
40961,1185.554311
40962,1158.200643
40963,1004.569425
40964,974.5916503
40965,959.9890927
40966,885.3641425
40967,657.4409686
40968,828.0458061
40969,730.0938027
40970,571.7774013
40971,616.0220476
40972,642.992712
40973,635.5407215
40974,645.4322401
40975,409.9016872
40976,566.6471942
40977,631.6209691
40978,649.21427
40979,664.9644944
40980,561.1311164
40981,439.1282291
40982,379.2508347
40983,322.0851687
40984,326.9070836
40985,354.434317
40986,489.7845684
40987,379.181824
40988,389.9713293
40989,438.7090728
40990,528.7910655
40991,580.5285463
40992,776.8704764
40993,1002.702008
40994,1413.516554
40995,1648.272916
40996,1971.811566
40997,559.6923333
40998,3001.99089
40999,3945.1193
41000,4575.466993
41001,4661.547222
41002,4860.86238
41003,4229.099097
41004,3770.379313
41005,3446.016115
41006,2823.297445
41007,2397.519902
41008,605.7446572
41009,1967.539224
41010,1488.979904
41011,1198.950027
41012,1074.695506
41013,1187.361772
41014,1159.79658
41015,1005.472214
41016,975.0587037
41017,960.3017813
41018,885.564269
41019,657.3429441
41020,828.4129905
41021,730.4530469
41022,571.9208707
41023,615.8753575
41024,642.8172334
41025,635.3437234
41026,645.1936725
41027,410.2733615
41028,567.4043197
41029,632.531041
41030,650.1259166
41031,665.7435307
41032,561.6723129
41033,439.3535846
41034,379.3500048
41035,322.0760637
41036,326.9061317
41037,354.4299695
41038,489.9648977
41039,379.1880193
41040,389.9177624
41041,438.6641107
41042,528.6361637
41043,580.3372453
41044,776.4449815
41045,1002.096511
41046,1412.524556
41047,1647.091734
41048,1970.274649
41049,559.9163129
41050,2999.333235
41051,3941.416643
41052,4571.107062
41053,4657.096392
41054,4856.170038
41055,4225.058903
41056,3766.905752
41057,3442.850388
41058,2820.854553
41059,2395.510027
41060,605.9750088
41061,1965.983783
41062,1487.981274
41063,1198.279599
41064,1074.186547
41065,1186.768657
41066,1159.297261
41067,1005.067416
41068,974.6428735
41069,959.8430006
41070,885.160634
41071,657.6983627
41072,828.0766894
41073,730.2650192
41074,571.8417115
41075,616.254886
41076,643.2288572
41077,635.7575456
41078,645.642969
41079,410.3388461
41080,567.3352915
41081,632.4152409
41082,650.0126932
41083,665.6427404
41084,561.6343677
41085,439.4332659
41086,379.453429
41087,322.2046547
41088,327.0272137
41089,354.5472219
41090,489.9435977
41091,379.2825987
41092,390.0601082
41093,438.8021395
41094,528.9036755
41095,580.6263394
41096,776.909854
41097,1002.743152
41098,1413.52675
41099,1648.315219
41100,1971.809728
41101,559.8127053
41102,3001.879187
41103,3944.901323
41104,4575.187276
41105,4661.235451
41106,4860.43518
41107,4228.69475
41108,3770.047469
41109,3445.639345
41110,2822.944733
41111,2397.065903
41112,605.8512341
41113,1967.001782
41114,1488.404812
41115,1198.350291
41116,1073.948511
41117,1186.359408
41118,1158.921186
41119,1004.928535
41120,974.6956314
41121,959.9872182
41122,885.3193458
41123,657.5254141
41124,828.1238329
41125,730.2260227
41126,571.8285932
41127,616.0880421
41128,643.0548591
41129,635.5913559
41130,645.4730109
41131,410.1415303
41132,567.0555475
41133,632.0988036
41134,649.6940319
41135,665.3728692
41136,561.4275256
41137,439.2894951
41138,379.3488933
41139,322.1308911
41140,326.954522
41141,354.4782836
41142,489.8799027
41143,379.2228722
41144,389.996916
41145,438.7379005
41146,528.8079408
41147,580.533028
41148,776.8098475
41149,1002.609829
41150,1413.342861
41151,1648.078052
41152,1971.535472
41153,559.780168
41154,3001.470456
41155,3944.369518
41156,4574.574981
41157,4660.62622
41158,4859.852361
41159,4228.214979
41160,3769.625451
41161,3445.299602
41162,2822.719974
41163,2396.979873
41164,605.8281664
41165,1967.047545
41166,1488.573067
41167,1198.592226
41168,1074.308274
41169,1186.858256
41170,1159.360189
41171,1005.184221
41172,974.8403106
41173,960.0949177
41174,885.3948849
41175,657.4789385
41176,828.2381397
41177,730.3293861
41178,571.8701173
41179,616.027646
41180,642.9851568
41181,635.5160065
41182,645.3848769
41183,410.2328479
41184,567.2537295
41185,632.3389926
41186,649.9344696
41187,665.5785748
41188,561.5685022
41189,439.3424615
41190,379.3680945
41191,322.1208317
41192,326.9470033
41193,354.4701247
41194,489.9273969
41195,379.2187774
41196,389.9746356
41197,438.7180847
41198,528.7521704
41199,580.4666325
41200,776.6728722
41201,1002.415802
41202,1413.02842
41203,1647.701832
41204,1971.049364
41205,559.843794
41206,3000.636393
41207,3943.211243
41208,4573.21248
41209,4659.236889
41210,4858.393561
41211,4226.961118
41212,3768.546494
41213,3444.320731
41214,2821.968333
41215,2396.371306
41216,605.894637
41217,1966.587756
41218,1488.291693
41219,1198.416162
41220,1074.192141
41221,1186.730842
41222,1159.25482
41223,1005.088824
41224,974.7305727
41225,959.9686774
41226,885.2819064
41227,657.5804156
41228,828.1491207
41229,730.2835416
41230,571.8506187
41231,616.1349351
41232,643.1011011
41233,635.632045
41234,645.5102331
41235,410.2614852
41236,567.2528466
41237,632.3283275
41238,649.9245986
41239,665.5689587
41240,561.5712051
41241,439.37152
41242,379.4008806
41243,322.1582186
41244,326.9824014
41245,354.5043159
41246,489.925765
41247,379.2466045
41248,390.0149124
41249,438.7573181
41250,528.8264797
41251,580.5463273
41252,776.7980174
41253,1002.589532
41254,1413.296309
41255,1648.029634
41256,1971.459249
41257,559.8191965
41258,3001.313422
41259,3944.136242
41260,4574.294938
41261,4660.334243
41262,4859.52164
41263,4227.921732
41264,3769.377003
41265,3445.055892
41266,2822.517505
41267,2396.775212
41268,605.8643022
41269,1966.845898
41270,1488.390127
41271,1198.419744
41272,1074.109522
41273,1186.595989
41274,1159.132064
41275,1005.03787
41276,974.7354008
41277,959.9991665
41278,885.3180422
41279,657.5388849
41280,828.1543348
41281,730.2673375
41282,571.8447619
41283,616.0958054
41284,643.060697
41285,635.5939813
41286,645.4719718
41287,410.205431
41288,567.1692472
41289,632.2328007
41290,649.8284868
41291,665.4874375
41292,561.5097259
41293,439.3314924
41294,379.3729367
41295,322.139919
41296,326.9642238
41297,354.4871387
41298,489.9065879
41299,379.2315439
41300,390.0000563
41301,438.7420456
41302,528.8052958
41303,580.5264028
41304,776.7806176
41305,1002.567022
41306,1413.268075
41307,1647.991457
41308,1971.418169
41309,559.8070351
41310,3001.258785
41311,3944.069543
41312,4574.219881
41313,4660.261583
41314,4859.459923
41315,4227.874111
41316,3769.333674
41317,3445.027635
41318,2822.505064
41319,2396.789728
41320,605.8543968
41321,1966.885251
41322,1488.450152
41323,1198.492324
41324,1074.208699
41325,1186.731488
41326,1159.250902
41327,1005.109128
41328,974.7790722
41329,960.0343523
41330,885.3441892
41331,657.5208774
41332,828.1889775
41333,730.2965817
41334,571.8565751
41335,616.0738811
41336,643.0358677
41337,635.5676991
41338,645.4418533
41339,410.2271131
41340,567.22009
41341,632.2949966
41342,649.8906988
41343,665.5407331
41344,561.5456927
41345,439.3433206
41346,379.3758877
41347,322.1350948
41348,326.9601702
41349,354.4829935
41350,489.9188577
41351,379.2288226
41352,389.9919264
41353,438.73461
41354,528.7865384
41355,580.5045989
41356,776.7379949
41357,1002.506859
41358,1413.171395
41359,1647.875345
41360,1971.268964
41361,559.8248189
41362,3001.004355
41363,3943.717127
41364,4573.805666
41365,4659.839598
41366,4859.018288
41367,4227.495059
41368,3769.007263
41369,3444.732602
41370,2822.27944
41371,2396.609499
41372,605.8732544
41373,1966.751907
41374,1488.372128
41375,1198.446988
41376,1074.1839
41377,1186.706937
41378,1159.231273
41379,1005.087742
41380,974.7506586
41381,960.0001678
41382,885.3130642
41383,657.5493789
41384,828.1658506
41385,730.2858063
41386,571.85193
41387,616.1037279
41388,643.0680092
41389,635.5997242
41390,645.4762782
41391,410.2378201
41392,567.2248865
41393,632.2980028
41394,649.8939436
41395,665.5431666
41396,561.5500792
41397,439.3531726
41398,379.385969
41399,322.1457757
41400,326.9703341
41401,354.492788
41402,489.9195916
41403,379.236859
41404,390.0031411
41405,438.7455823
41406,528.806855
41407,580.52622
41408,776.7711123
41409,1002.552735
41410,1413.241746
41411,1647.961647
41412,1971.376477
41413,559.8192458
41414,3001.181146
41415,3943.958192
41416,4574.087586
41417,4660.125191
41418,4859.311098
41419,4227.744104
41420,3769.222707
41421,3444.922705
41422,2822.420928
41423,2396.712139
41424,605.8660753
41425,1966.815699
41426,1488.393749
41427,1198.443545
41428,1074.156768
41429,1186.664236
41430,1159.192674
41431,1005.070402
41432,974.7492721
41433,960.0058675
41434,885.320754
41435,657.5398175
41436,828.1651055
41437,730.2798965
41438,571.8497193
41439,616.0950171
41440,643.0591463
41441,635.5915484
41442,645.4682822
41443,410.2221519
41444,567.2004071
41445,632.2697845
41446,649.8655744
41447,665.5190725
41448,561.5321624
41449,439.3422038
41450,379.3786303
41451,322.1413757
41452,326.9659191
41453,354.4886349
41454,489.9139398
41455,379.2331628
41456,389.9998222
41457,438.742115
41458,528.802553
41459,580.5224238
41460,776.7692139
41461,1002.55058
41462,1413.240318
41463,1647.95884
41464,1971.374913
41465,559.8150606
41466,3001.18243
41467,3943.962272
41468,4574.093237
41469,4660.131923
41470,4859.321815
41471,4227.754674
41472,3769.231214
41473,3444.93319
41474,2822.431295
41475,2396.726687
41476,605.8624038
41477,1966.833796
41478,1488.41382
41479,1198.46487
41480,1074.183675
41481,1186.700437
41482,1159.224309
41483,1005.089949
41484,974.7621713
41485,960.0169387
41486,885.329325
41487,657.5334901
41488,828.1753732
41489,730.2880385
41490,571.8530258
41491,616.0876051
41492,643.050852
41493,635.5828887
41494,645.4584952
41495,410.2270653
41496,567.2131488
41497,632.2855434
41498,649.8813231
41499,665.5325848
41500,561.5411164
41501,439.3446432
41502,379.3787809
41503,322.1394976
41504,326.9642696
41505,354.4869841
41506,489.9170401
41507,379.2319825
41508,389.9970649
41509,438.7395502
41510,528.7965253
41511,580.5155369
41512,776.7563009
41513,1002.532406
41514,1413.211315
41515,1647.923897
41516,1971.330216
41517,559.8199531
41518,3001.106604
41519,3943.857472
41520,4573.970145
41521,4660.006619
41522,4859.191041
41523,4227.642568
41524,3769.134618
41525,3444.846158
41526,2822.364972
41527,2396.674332
41528,605.8676679
41529,1966.79579
41530,1488.392525
41531,1198.453458
41532,1074.17895
41533,1186.69671
41534,1159.221597
41535,1005.08551
41536,974.7549728
41537,960.0078355
41538,885.3208863
41539,657.5413689
41540,828.169491
41541,730.2856321
41542,571.8519682
41543,616.0957776
41544,643.0596217
41545,635.5915873
41546,645.467798
41547,410.2307506
41548,567.2158488
41549,632.2880092
41550,649.8838591
41551,665.534656
41552,561.543317
41553,439.347827
41554,379.3818054
41555,322.1424993
41556,326.9671396
41557,354.4897437
41558,489.9175678
41559,379.2342642
41560,390.0001384
41561,438.7425705
41562,528.8019904
41563,580.521306
41564,776.7649023
41565,1002.544292
41566,1413.22943
41567,1647.946184
41568,1971.357863
41569,559.8187763
41570,3001.151834
41571,3943.919006
41572,4574.042055
41573,4660.079406
41574,4859.265438
41575,4227.705758
41576,3769.189321
41577,3444.894247
41578,2822.400609
41579,2396.699762
41580,605.8660487
41581,1966.811051
41582,1488.39686
41583,1198.451294
41584,1074.17038
41585,1186.683592
41586,1159.209804
41587,1005.079891
41588,974.7538425
41589,960.008631
41590,885.3223421
41591,657.5392987
41592,828.1686832
41593,730.2836284
41594,571.851203
41595,616.0939905
41596,643.0578486
41597,635.5900123
41598,645.4663368
41599,410.22644
41600,567.2088097
41601,632.2798307
41602,649.8756425
41603,665.5276694
41604,561.5381874
41605,439.3448694
41606,379.3799156
41607,322.1414845
41608,326.9661073
41609,354.4887786
41610,489.9159331
41611,379.2333878
41612,389.9994535
41613,438.741836
41614,528.8012501
41615,580.5207469
41616,776.7651916
41617,1002.544832
41618,1413.230807
41619,1647.947563
41620,1971.360148
41621,559.8174097
41622,3001.156719
41623,3943.926348
41624,4574.050899
41625,4660.088659
41626,4859.276042
41627,4227.715202
41628,3769.197305
41629,3444.902163
41630,2822.407251
41631,2396.706636
41632,605.8647915
41633,1966.817973
41634,1488.403283
41635,1198.457445
41636,1074.17756
41637,1186.693093
41638,1159.218075
41639,1005.085168
41640,974.7575808
41641,960.0120153
41642,885.3250456
41643,657.5372037
41644,828.171668
41645,730.2858596
41646,571.8521139
41647,616.0915999
41648,643.0551961
41649,635.5872704
41650,645.4632697
41651,410.2274777
41652,567.2119129
41653,632.2837212
41654,649.8795262
41655,665.5310078
41656,561.5403499
41657,439.3453033
41658,379.3797725
41659,322.1408229
41660,326.9655121
41661,354.4881897
41662,489.916696
41663,379.2329483
41664,389.9985622
41665,438.7409972
41666,528.7993769
41667,580.5186353
41668,776.7613655
41669,1002.53946
41670,1413.222285
41671,1647.937269
41672,1971.347032
41673,559.8187343
41674,3001.134569
41675,3943.895793
41676,4574.015032
41677,4660.052173
41678,4859.238058
41679,4227.682676
41680,3769.169262
41681,3444.876969
41682,2822.388113
41683,2396.691691
41684,605.8662378
41685,1966.807316
41686,1488.397565
41687,1198.45465
41688,1074.176864
41689,1186.692927
41690,1159.218088
41691,1005.084367
41692,974.7558039
41693,960.0096345
41694,885.3227955
41695,657.5393473
41696,828.170209
41697,730.2853633
41698,571.8518888
41699,616.0938017
41700,643.0575501
41701,635.5895942
41702,645.4657416
41703,410.2286812
41704,567.2130278
41705,632.2848445
41706,649.8806698
41707,665.5319584
41708,561.5412221
41709,439.3462969
41710,379.3806611
41711,322.1416531
41712,326.9663097
41713,354.4889549
41714,489.9169294
41715,379.2335856
41716,389.999391
41717,438.7418154
41718,528.800822
41719,580.5201474
41720,776.7635524
41721,1002.542474
41722,1413.226845
41723,1647.942898
41724,1971.35398
41725,559.8185148
41726,3001.145867
41727,3943.911122
41728,4574.03293
41729,4660.070271
41730,4859.256487
41731,4227.698302
41732,3769.182802
41733,3444.888818
41734,2822.396847
41735,2396.697795
41736,605.8658984
41737,1966.810811
41738,1488.39829
41739,1198.453726
41740,1074.174236
41741,1186.688994
41742,1159.214569
41743,1005.082611
41744,974.7552896
41745,960.0096351
41746,885.3230062
41747,657.5389426
41748,828.1698227
41749,730.2847157
41750,571.851638
41751,616.0934874
41752,643.0572551
41753,635.5893553
41754,645.4655514
41755,410.2275141
41756,567.2110374
41757,632.2825147
41758,649.8783307
41759,665.5299673
41760,561.5397775
41761,439.3455129
41762,379.3801854
41763,322.1414328
41764,326.9660808
41765,354.488743
41766,489.9164646
41767,379.2333875
41768,389.999269
41769,438.7416775
41770,528.8007448
41771,580.520131
41772,776.7638564
41773,1002.542935
41774,1413.22771
41775,1647.94387
41776,1971.355353
41777,559.818085
41778,3001.148449
41779,3943.914839
41780,4574.037351
41781,4660.074835
41782,4859.261486
41783,4227.702677
41784,3769.186533
41785,3444.89236
41786,2822.399699
41787,2396.700455
41788,605.8654893
41789,1966.813225
41790,1488.40028
41791,1198.45547
41792,1074.176118
41793,1186.691439
41794,1159.216688
41795,1005.084011
41796,974.7563544
41797,960.0106454
41798,885.3238342
41799,657.5382769
41800,828.1706752
41801,730.2853173
41802,571.851885
41803,616.0927424
41804,643.0564339
41805,635.588513
41806,645.4646168
41807,410.2277078
41808,567.2117657
41809,632.2834443
41810,649.8792573
41811,665.5307658
41812,561.5402793
41813,439.3455644
41814,379.3800953
41815,322.1412133
41816,326.9658804
41817,354.4885461
41818,489.9166461
41819,379.2332365
41820,389.9989908
41821,438.7414134
41822,528.800178
41823,580.519499
41824,776.7627445
41825,1002.541377
41826,1413.225252
41827,1647.940894
41828,1971.351574
41829,559.8184376
41830,3001.142094
41831,3943.906088
41832,4574.027084
41833,4660.064397
41834,4859.250645
41835,4227.693402
41836,3769.178533
41837,3444.885192
41838,2822.394269
41839,2396.696258
41840,605.8658804
41841,1966.810284
41842,1488.398771
41843,1198.45481
41844,1074.176097
41845,1186.691632
41846,1159.216903
41847,1005.083911
41848,974.7559299
41849,960.0100352
41850,885.3232449
41851,657.5388506
41852,828.1703246
41853,730.285229
41854,571.8518423
41855,616.0933256
41856,643.0570549
41857,635.5891229
41858,645.4652617
41859,410.2280863
41860,567.212171
41861,632.2838722
41862,649.8796909
41863,665.531129
41864,561.5405896
41865,439.3458661
41866,379.3803517
41867,322.1414393
41868,326.9660985
41869,354.4887549
41870,489.9167339
41871,379.2334118
41872,389.9992106
41873,438.7416314
41874,528.8005529
41875,580.5198875
41876,776.7632867
41877,1002.542122
41878,1413.226369
41879,1647.942278
41880,1971.353273
41881,559.8184072
41882,3001.144834
41883,3943.909793
41884,4574.031406
41885,4660.068761
41886,4859.255067
41887,4227.697144
41888,3769.181778
41889,3444.888016
41890,2822.396336
41891,2396.697662
41892,605.8658179
41893,1966.811034
41894,1488.398837
41895,1198.454468
41896,1074.175311
41897,1186.690478
41898,1159.215874
41899,1005.083377
41900,974.7557341
41901,960.0099747
41902,885.3232491
41903,657.5387869
41904,828.1701743
41905,730.2850269
41906,571.8517632
41907,616.0932898
41908,643.0570286
41909,635.5891123
41910,645.4652691
41911,410.2277756
41912,567.2116171
41913,632.2832193
41914,649.8790358
41915,665.5305708
41916,561.5401893
41917,439.3456621
41918,379.3802352
41919,322.1413961
41920,326.9660519
41921,354.4887124
41922,489.9166038
41923,379.23337
41924,389.999196
41925,438.7416119
41926,528.8005672
41927,580.5199213
41928,776.7634314
41929,1002.542333
41930,1413.226738
41931,1647.942706
41932,1971.353852
41933,559.8182759
41934,3001.145878
41935,3943.911271
41936,4574.033155
41937,4660.070558
41938,4859.257
41939,4227.698823
41940,3769.183215
41941,3444.889354
41942,2822.397393
41943,2396.698596
41944,605.8656896
41945,1966.81183
41946,1488.399438
41947,1198.454955
41948,1074.175794
41949,1186.691092
41950,1159.216404
41951,1005.083742
41952,974.7560325
41953,960.0102703
41954,885.3234968
41955,657.5385818
41956,828.1704139
41957,730.2851864
41958,571.8518291
41959,616.0930638
41960,643.0567808
41961,635.5888598
41962,645.4649909
41963,410.2278025
41964,567.2117794
41965,632.2834318
41966,649.8792472
41967,665.5307536
41968,561.5402992
41969,439.3456572
41970,379.3801967
41971,322.1413262
41972,326.9659875
41973,354.4886494
41974,489.9166451
41975,379.2333208
41976,389.9991115
41977,438.7415311
41978,528.8003994
41979,580.519736
41980,776.7631139
41981,1002.541889
41982,1413.226041
41983,1647.94186
41984,1971.352781
41985,559.8183681
41986,3001.144085
41987,3943.908806
41988,4574.030265
41989,4660.06762
41990,4859.253956
41991,4227.696221
41992,3769.18097
41993,3444.887347
41994,2822.395878
41995,2396.697436
41996,605.8657936
41997,1966.811031
41998,1488.399047
41999,1198.454806
42000,1074.175836
42001,1186.691211
42002,1159.216521
42003,1005.083748
42004,974.7559355
42005,960.0101175
42006,885.3233455
42007,657.5387326
42008,828.1703331
42009,730.2851759
42010,571.8518229
42011,616.0932154
42012,643.0569415
42013,635.5890168
42014,645.4651557
42015,410.2279182
42016,567.2119166
42017,632.2835807
42018,649.8793977
42019,665.5308802
42020,561.5404028
42021,439.3457468
42022,379.3802694
42023,322.1413868
42024,326.9660462
42025,354.4887055
42026,489.9166754
42027,379.2333683
42028,389.9991687
42029,438.7415882
42030,528.8004947
42031,580.5198335
42032,776.7632441
42033,1002.542068
42034,1413.226305
42035,1647.942189
42036,1971.353182
42037,559.8183682
42038,3001.144724
42039,3943.909667
42040,4574.031267
42041,4660.068631
42042,4859.254973
42043,4227.697079
42044,3769.181715
42045,3444.887991
42046,2822.396344
42047,2396.69774
42048,605.8657853
42049,1966.811176
42050,1488.399028
42051,1198.454689
42052,1074.175606
42053,1186.690879
42054,1159.216225
42055,1005.08359
42056,974.7558674
42057,960.0100843
42058,885.3233317
42059,657.5387286
42060,828.1702802
42061,730.2851145
42062,571.8517987
42063,616.0932198
42064,643.0569497
42065,635.5890292
42066,645.4651743
42067,410.2278369
42068,567.2117649
42069,632.2834006
42070,649.8792171
42071,665.5307262
42072,561.5402936
42073,439.3456948
42074,379.3802418
42075,322.1413799
42076,326.9660381
42077,354.4886984
42078,489.9166396
42079,379.2333605
42080,389.99917
42081,438.741588
42082,528.8005084
42083,580.5198533
42084,776.7633003
42085,1002.542149
42086,1413.226441
42087,1647.942349
42088,1971.353394
42089,559.818329
42090,3001.145099
42091,3943.910194
42092,4574.031889
42093,4660.069268
42094,4859.255651
42095,4227.697665
42096,3769.182218
42097,3444.888454
42098,2822.396706
42099,2396.698049
42100,605.8657462
42101,1966.811427
42102,1488.399205
42103,1198.454823
42104,1074.175727
42105,1186.691029
42106,1159.216354
42107,1005.083683
42108,974.7559497
42109,960.0101692
42110,885.3234042
42111,657.538667
42112,828.1703464
42113,730.2851561
42114,571.8518159
42115,616.0931528
42116,643.0568765
42117,635.5889551
42118,645.4650931
42119,410.2278369
42120,567.2117982
42121,632.2834461
42122,649.8792622
42123,665.5307654
42124,561.5403156
42125,439.3456881
42126,379.3802276
42127,322.1413583
42128,326.9660181
42129,354.4886789
42130,489.9166483
42131,379.2333451
42132,389.999145
42133,438.7415639
42134,528.8004597
42135,580.5197999
42136,776.7632111
42137,1002.542024
42138,1413.226247
42139,1647.942113
42140,1971.353096
42141,559.8183526
42142,3001.144601
42143,3943.90951
42144,4574.031088
42145,4660.068454
42146,4859.25481
42147,4227.696947
42148,3769.181598
42149,3444.887901
42150,2822.396289
42151,2396.697733
42152,605.8657733
42153,1966.811214
42154,1488.399106
42155,1198.454792
42156,1074.175752
42157,1186.69108
42158,1159.216402
42159,1005.083694
42160,974.7559289
42161,960.010132
42162,885.3233663
42163,657.5387059
42164,828.1703289
42165,730.2851571
42166,571.8518158
42167,616.0931914
42168,643.0569172
42169,635.5889945
42170,645.4651342
42171,410.2278714
42172,567.2118425
42173,632.2834951
42174,649.8793116
42175,665.5308071
42176,561.5403487
42177,439.3457142
42178,379.3802479
42179,322.1413743
42180,326.9660336
42181,354.4886937
42182,489.9166582
42183,379.2333577
42184,389.9991595
42185,438.7415785
42186,528.8004833
42187,580.5198237
42188,776.7632411
42189,1002.542065
42190,1413.226306
42191,1647.942188
42192,1971.353186
42193,559.818355
42194,3001.144743
42195,3943.909699
42196,4574.031307
42197,4660.068675
42198,4859.25503
42199,4227.697132
42200,3769.181759
42201,3444.888038
42202,2822.396387
42203,2396.697793
42204,605.8657735
42205,1966.811236
42206,1488.399091
42207,1198.454754
42208,1074.175685
42209,1186.690985
42210,1159.216318
42211,1005.083648
42212,974.7559065
42213,960.0101184
42214,885.3233584
42215,657.5387086
42216,828.1703113
42217,730.2851388
42218,571.8518086
42219,616.0931966
42220,643.0569237
42221,635.5890022
42222,645.4651439
42223,410.2278506
42224,567.2118016
42225,632.2834462
42226,649.8792626
42227,665.5307653
42228,561.5403194
42229,439.3457013
42230,379.3802417
42231,322.1413738
42232,326.9660327
42233,354.488693
42234,489.9166485
42235,379.2333566
42236,389.9991614
42237,438.7415799
42238,528.8004897
42239,580.519832
42240,776.7632609
42241,1002.542093
42242,1413.226353
42243,1647.942243
42244,1971.353258
42245,559.8183435
42246,3001.144869
42247,3943.909875
42248,4574.031515
42249,4660.068887
42250,4859.255254
42251,4227.697325
42252,3769.181925
42253,3444.88819
42254,2822.396505
42255,2396.697891
42256,605.8657619
42257,1966.811313
42258,1488.399142
42259,1198.45479
42260,1074.175715
42261,1186.691021
42262,1159.216348
42263,1005.083671
42264,974.7559289
42265,960.0101424
42266,885.3233793
42267,657.5386905
42268,828.1703294
42269,730.2851494
42270,571.851813
42271,616.0931771
42272,643.0569025
42273,635.5889808
42274,645.4651206
42275,410.2278485
42276,567.2118075
42277,632.2834549
42278,649.8792712
42279,665.5307728
42280,561.540323
42281,439.345698
42282,379.3802368
42283,322.1413673
42284,326.9660267
42285,354.4886871
42286,489.9166502
42287,379.2333519
42288,389.9991541
42289,438.7415729
42290,528.8004758
42291,580.5198169
42292,776.7632362
42293,1002.542059
42294,1413.2263
42295,1647.942178
42296,1971.353176
42297,559.8183494
42298,3001.144733
42299,3943.909689
42300,4574.031297
42301,4660.068665
42302,4859.255025
42303,4227.69713
42304,3769.181757
42305,3444.88804
42306,2822.396392
42307,2396.697806
42308,605.8657688
42309,1966.811257
42310,1488.399118
42311,1198.454784
42312,1074.175725
42313,1186.691039
42314,1159.216365
42315,1005.083676
42316,974.7559249
42317,960.0101337
42318,885.32337
42319,657.5387003
42320,828.1703259
42321,730.2851508
42322,571.8518134
42323,616.0931867
42324,643.0569126
42325,635.5889905
42326,645.4651306
42327,410.2278586
42328,567.2118213
42329,632.2834704
42330,649.8792869
42331,665.530786
42332,561.5403332
42333,439.3457055
42334,379.3802424
42335,322.1413714
42336,326.9660307
42337,354.488691
42338,489.9166533
42339,379.2333552
42340,389.9991577
42341,438.7415765
42342,528.8004815
42343,580.5198225
42344,776.7632427
42345,1002.542067
42346,1413.226312
42347,1647.942194
42348,1971.353195
42349,559.8183507
42350,3001.144761
42351,3943.909727
42352,4574.03134
42353,4660.068709
42354,4859.255068
42355,4227.697166
42356,3769.181788
42357,3444.888066
42358,2822.39641
42359,2396.697816
42360,605.8657696
42361,1966.811258
42362,1488.399111
42363,1198.454772
42364,1074.175706
42365,1186.691013
42366,1159.216342
42367,1005.083663
42368,974.7559178
42369,960.0101288
42370,885.3233667
42371,657.538702
42372,828.1703203
42373,730.2851455
42374,571.8518113
42375,616.0931891
42376,643.0569155
42377,635.5889937
42378,645.4651344
42379,410.2278534
42380,567.2118105
42381,632.2834573
42382,649.8792738
42383,665.5307749
42384,561.5403255
42385,439.3457024
42386,379.3802411
42387,322.1413717
42388,326.9660308
42389,354.4886912
42390,489.9166507
42391,379.2333552
42392,389.9991586
42393,438.7415773
42394,528.8004839
42395,580.5198255
42396,776.7632493
42397,1002.542077
42398,1413.226327
42399,1647.942212
42400,1971.353218
42401,559.8183474
42402,3001.144802
42403,3943.909783
42404,4574.031407
42405,4660.068777
42406,4859.25514
42407,4227.697227
42408,3769.181841
42409,3444.888114
42410,2822.396447
42411,2396.697846
42412,605.8657662
42413,1966.811281
42414,1488.399125
42415,1198.454782
42416,1074.175713
42417,1186.691021
42418,1159.216349
42419,1005.083669
42420,974.7559238
42421,960.0101354
42422,885.3233726
42423,657.5386968
42424,828.1703252
42425,730.2851481
42426,571.8518124
42427,616.0931836
42428,643.0569095
42429,635.5889877
42430,645.4651279
42431,410.2278522
42432,567.2118111
42433,632.2834586
42434,649.879275
42435,665.530776
42436,561.5403258
42437,439.3457011
42438,379.3802395
42439,322.1413698
42440,326.966029
42441,354.4886894
42442,489.916651
42443,379.2333538
42444,389.9991565
42445,438.7415753
42446,528.80048
42447,580.5198213
42448,776.7632425
42449,1002.542067
42450,1413.226313
42451,1647.942194
42452,1971.353196
42453,559.8183489
42454,3001.144765
42455,3943.909733
42456,4574.031348
42457,4660.068717
42458,4859.255078
42459,4227.697175
42460,3769.181796
42461,3444.888074
42462,2822.396417
42463,2396.697824
42464,605.8657679
42465,1966.811267
42466,1488.399119
42467,1198.454781
42468,1074.175717
42469,1186.691027
42470,1159.216355
42471,1005.083671
42472,974.7559232
42473,960.0101335
42474,885.3233705
42475,657.5386992
42476,828.1703246
42477,730.2851487
42478,571.8518126
42479,616.0931859
42480,643.0569119
42481,635.5889899
42482,645.4651302
42483,410.2278551
42484,567.2118153
42485,632.2834634
42486,649.8792798
42487,665.5307801
42488,561.5403289
42489,439.3457032
42490,379.380241
42491,322.1413708
42492,326.9660301
42493,354.4886904
42494,489.9166519
42495,379.2333546
42496,389.9991574
42497,438.7415762
42498,528.8004813
42499,580.5198226
42500,776.7632438
42501,1002.542069
42502,1413.226315
42503,1647.942197
42504,1971.3532
42505,559.8183494
42506,3001.14477
42507,3943.909739
42508,4574.031355
42509,4660.068724
42510,4859.255085
42511,4227.69718
42512,3769.1818
42513,3444.888078
42514,2822.39642
42515,2396.697824
42516,605.8657683
42517,1966.811266
42518,1488.399117
42519,1198.454778
42520,1074.175712
42521,1186.69102
42522,1159.216348
42523,1005.083667
42524,974.755921
42525,960.0101318
42526,885.3233693
42527,657.5387
42528,828.1703229
42529,730.2851472
42530,571.851812
42531,616.0931869
42532,643.056913
42533,635.5889911
42534,645.4651316
42535,410.2278539
42536,567.2118125
42537,632.28346
42538,649.8792764
42539,665.5307771
42540,561.5403269
42541,439.3457024
42542,379.3802408
42543,322.141371
42544,326.9660302
42545,354.4886905
42546,489.9166512
42547,379.2333547
42548,389.9991578
42549,438.7415765
42550,528.8004822
42551,580.5198236
42552,776.7632459
42553,1002.542072
42554,1413.22632
42555,1647.942203
42556,1971.353207
42557,559.8183485
42558,3001.144783
42559,3943.909757
42560,4574.031376
42561,4660.068745
42562,4859.255107
42563,4227.697199
42564,3769.181817
42565,3444.888093
42566,2822.396431
42567,2396.697833
42568,605.8657673
42569,1966.811273
42570,1488.399121
42571,1198.45478
42572,1074.175713
42573,1186.691022
42574,1159.21635
42575,1005.083669
42576,974.7559226
42577,960.0101337
42578,885.3233709
42579,657.5386985
42580,828.1703242
42581,730.2851479
42582,571.8518123
42583,616.0931853
42584,643.0569113
42585,635.5889894
42586,645.4651298
42587,410.2278534
42588,567.2118124
42589,632.28346
42590,649.8792764
42591,665.5307772
42592,561.5403268
42593,439.345702
42594,379.3802403
42595,322.1413704
42596,326.9660297
42597,354.48869
42598,489.9166512
42599,379.2333543
42600,389.9991572
42601,438.7415759
42602,528.8004811
42603,580.5198225
42604,776.7632441
42605,1002.54207
42606,1413.226316
42607,1647.942198
42608,1971.353201
42609,559.8183488
42610,3001.144773
42611,3943.909743
42612,4574.03136
42613,4660.06873
42614,4859.255091
42615,4227.697185
42616,3769.181805
42617,3444.888082
42618,2822.396423
42619,2396.697828
42620,605.8657677
42621,1966.811269
42622,1488.399119
42623,1198.45478
42624,1074.175715
42625,1186.691024
42626,1159.216352
42627,1005.083669
42628,974.7559225
42629,960.0101333
42630,885.3233704
42631,657.5386991
42632,828.1703241
42633,730.2851481
42634,571.8518124
42635,616.0931858
42636,643.0569118
42637,635.58899
42638,645.4651303
42639,410.2278542
42640,567.2118137
42641,632.2834614
42642,649.8792779
42643,665.5307784
42644,561.5403277
42645,439.3457026
42646,379.3802407
42647,322.1413707
42648,326.9660299
42649,354.4886903
42650,489.9166515
42651,379.2333545
42652,389.9991574
42653,438.7415762
42654,528.8004814
42655,580.5198227
42656,776.7632443
42657,1002.54207
42658,1413.226316
42659,1647.942198
42660,1971.353202
42661,559.818349
42662,3001.144774
42663,3943.909744
42664,4574.031361
42665,4660.06873
42666,4859.255091
42667,4227.697186
42668,3769.181805
42669,3444.888082
42670,2822.396423
42671,2396.697827
42672,605.8657679
42673,1966.811268
42674,1488.399118
42675,1198.454779
42676,1074.175713
42677,1186.691022
42678,1159.21635
42679,1005.083668
42680,974.7559219
42681,960.0101327
42682,885.32337
42683,657.5386993
42684,828.1703236
42685,730.2851477
42686,571.8518122
42687,616.0931862
42688,643.0569122
42689,635.5889904
42690,645.4651307
42691,410.2278539
42692,567.211813
42693,632.2834605
42694,649.879277
42695,665.5307776
42696,561.5403272
42697,439.3457024
42698,379.3802406
42699,322.1413708
42700,326.96603
42701,354.4886903
42702,489.9166514
42703,379.2333546
42704,389.9991575
42705,438.7415763
42706,528.8004817
42707,580.5198231
42708,776.7632449
42709,1002.542071
42710,1413.226318
42711,1647.9422
42712,1971.353204
42713,559.8183487
42714,3001.144777
42715,3943.909749
42716,4574.031367
42717,4660.068737
42718,4859.255098
42719,4227.697191
42720,3769.18181
42721,3444.888087
42722,2822.396426
42723,2396.69783
42724,605.8657676
42725,1966.81127
42726,1488.39912
42727,1198.45478
42728,1074.175714
42729,1186.691022
42730,1159.21635
42731,1005.083669
42732,974.7559223
42733,960.0101332
42734,885.3233705
42735,657.5386989
42736,828.170324
42737,730.2851478
42738,571.8518123
42739,616.0931857
42740,643.0569118
42741,635.5889899
42742,645.4651302
42743,410.2278537
42744,567.2118129
42745,632.2834605
42746,649.8792769
42747,665.5307776
42748,561.5403271
42749,439.3457023
42750,379.3802405
42751,322.1413706
42752,326.9660298
42753,354.4886902
42754,489.9166513
42755,379.2333545
42756,389.9991573
42757,438.7415761
42758,528.8004814
42759,580.5198228
42760,776.7632445
42761,1002.54207
42762,1413.226317
42763,1647.942199
42764,1971.353202
42765,559.8183488
42766,3001.144775
42767,3943.909746
42768,4574.031363
42769,4660.068733
42770,4859.255094
42771,4227.697188
42772,3769.181807
42773,3444.888084
42774,2822.396424
42775,2396.697828
42776,605.8657677
42777,1966.811269
42778,1488.399119
42779,1198.45478
42780,1074.175714
42781,1186.691023
42782,1159.216351
42783,1005.083669
42784,974.7559223
42785,960.0101332
42786,885.3233704
42787,657.5386991
42788,828.170324
42789,730.2851479
42790,571.8518123
42791,616.0931858
42792,643.0569119
42793,635.58899
42794,645.4651303
42795,410.227854
42796,567.2118132
42797,632.2834609
42798,649.8792773
42799,665.5307779
42800,561.5403274
42801,439.3457024
42802,379.3802406
42803,322.1413707
42804,326.9660299
42805,354.4886903
42806,489.9166514
42807,379.2333545
42808,389.9991574
42809,438.7415762
42810,528.8004815
42811,580.5198228
42812,776.7632445
42813,1002.54207
42814,1413.226317
42815,1647.942199
42816,1971.353202
42817,559.8183489
42818,3001.144775
42819,3943.909746
42820,4574.031363
42821,4660.068732
42822,4859.255093
42823,4227.697188
42824,3769.181807
42825,3444.888084
42826,2822.396424
42827,2396.697828
42828,605.8657678
42829,1966.811269
42830,1488.399119
42831,1198.454779
42832,1074.175714
42833,1186.691022
42834,1159.21635
42835,1005.083669
42836,974.7559221
42837,960.010133
42838,885.3233703
42839,657.5386992
42840,828.1703238
42841,730.2851478
42842,571.8518122
42843,616.093186
42844,643.056912
42845,635.5889901
42846,645.4651305
42847,410.2278539
42848,567.211813
42849,632.2834607
42850,649.8792771
42851,665.5307777
42852,561.5403273
42853,439.3457024
42854,379.3802406
42855,322.1413707
42856,326.9660299
42857,354.4886903
42858,489.9166514
42859,379.2333545
42860,389.9991574
42861,438.7415762
42862,528.8004816
42863,580.5198229
42864,776.7632447
42865,1002.54207
42866,1413.226317
42867,1647.942199
42868,1971.353203
42869,559.8183488
42870,3001.144776
42871,3943.909747
42872,4574.031365
42873,4660.068734
42874,4859.255095
42875,4227.697189
42876,3769.181808
42877,3444.888085
42878,2822.396425
42879,2396.697829
42880,605.8657677
42881,1966.81127
42882,1488.399119
42883,1198.45478
42884,1074.175714
42885,1186.691022
42886,1159.21635
42887,1005.083669
42888,974.7559222
42889,960.0101331
42890,885.3233704
42891,657.538699
42892,828.1703239
42893,730.2851478
42894,571.8518123
42895,616.0931858
42896,643.0569119
42897,635.58899
42898,645.4651304
42899,410.2278538
42900,567.211813
42901,632.2834606
42902,649.8792771
42903,665.5307777
42904,561.5403272
42905,439.3457023
42906,379.3802406
42907,322.1413707
42908,326.9660299
42909,354.4886902
42910,489.9166514
42911,379.2333545
42912,389.9991574
42913,438.7415762
42914,528.8004815
42915,580.5198228
42916,776.7632446
42917,1002.54207
42918,1413.226317
42919,1647.942199
42920,1971.353203
42921,559.8183488
42922,3001.144775
42923,3943.909746
42924,4574.031364
42925,4660.068733
42926,4859.255094
42927,4227.697188
42928,3769.181807
42929,3444.888084
42930,2822.396425
42931,2396.697829
42932,605.8657677
42933,1966.81127
42934,1488.399119
42935,1198.45478
42936,1074.175714
42937,1186.691023
42938,1159.216351
42939,1005.083669
42940,974.7559223
42941,960.0101331
42942,885.3233704
42943,657.5386991
42944,828.1703239
42945,730.2851479
42946,571.8518123
42947,616.0931859
42948,643.0569119
42949,635.58899
42950,645.4651304
42951,410.2278539
42952,567.2118131
42953,632.2834607
42954,649.8792772
42955,665.5307778
42956,561.5403273
42957,439.3457024
42958,379.3802406
42959,322.1413707
42960,326.9660299
42961,354.4886903
42962,489.9166514
42963,379.2333545
42964,389.9991574
42965,438.7415762
42966,528.8004815
42967,580.5198228
42968,776.7632445
42969,1002.54207
42970,1413.226317
42971,1647.942199
42972,1971.353203
42973,559.8183488
42974,3001.144775
42975,3943.909746
42976,4574.031364
42977,4660.068733
42978,4859.255094
42979,4227.697188
42980,3769.181807
42981,3444.888084
42982,2822.396425
42983,2396.697828
42984,605.8657678
42985,1966.811269
42986,1488.399119
42987,1198.45478
42988,1074.175714
42989,1186.691022
42990,1159.21635
42991,1005.083669
42992,974.7559222
42993,960.0101331
42994,885.3233703
42995,657.5386991
42996,828.1703239
42997,730.2851478
42998,571.8518123
42999,616.0931859
43000,643.0569119
43001,635.5889901
43002,645.4651304
43003,410.2278539
43004,567.2118131
43005,632.2834607
43006,649.8792771
43007,665.5307778
43008,561.5403273
43009,439.3457024
43010,379.3802406
43011,322.1413707
43012,326.9660299
43013,354.4886903
43014,489.9166514
43015,379.2333545
43016,389.9991574
43017,438.7415762
43018,528.8004815
43019,580.5198229
43020,776.7632446
43021,1002.54207
43022,1413.226317
43023,1647.942199
43024,1971.353203
43025,559.8183488
43026,3001.144775
43027,3943.909747
43028,4574.031364
43029,4660.068734
43030,4859.255095
43031,4227.697189
43032,3769.181808
43033,3444.888085
43034,2822.396425
43035,2396.697829
43036,605.8657677
43037,1966.81127
43038,1488.399119
43039,1198.45478
43040,1074.175714
43041,1186.691022
43042,1159.21635
43043,1005.083669
43044,974.7559222
43045,960.0101331
43046,885.3233703
43047,657.5386991
43048,828.1703239
43049,730.2851479
43050,571.8518123
43051,616.0931859
43052,643.0569119
43053,635.58899
43054,645.4651304
43055,410.2278539
43056,567.211813
43057,632.2834607
43058,649.8792771
43059,665.5307777
43060,561.5403273
43061,439.3457024
43062,379.3802406
43063,322.1413707
43064,326.9660299
43065,354.4886903
43066,489.9166514
43067,379.2333545
43068,389.9991574
43069,438.7415762
43070,528.8004815
43071,580.5198228
43072,776.7632446
43073,1002.54207
43074,1413.226317
43075,1647.942199
43076,1971.353203
43077,559.8183488
43078,3001.144775
43079,3943.909746
43080,4574.031364
43081,4660.068733
43082,4859.255094
43083,4227.697188
43084,3769.181807
43085,3444.888084
43086,2822.396425
43087,2396.697829
43088,605.8657677
43089,1966.81127
43090,1488.399119
43091,1198.45478
43092,1074.175714
43093,1186.691022
43094,1159.21635
43095,1005.083669
43096,974.7559222
43097,960.0101331
43098,885.3233703
43099,657.5386991
43100,828.1703239
43101,730.2851479
43102,571.8518123
43103,616.0931859
43104,643.0569119
43105,635.58899
43106,645.4651304
43107,410.2278539
43108,567.2118131
43109,632.2834607
43110,649.8792772
43111,665.5307778
43112,561.5403273
43113,439.3457024
43114,379.3802406
43115,322.1413707
43116,326.9660299
43117,354.4886903
43118,489.9166514
43119,379.2333545
43120,389.9991574
43121,438.7415762
43122,528.8004815
43123,580.5198228
43124,776.7632446
43125,1002.54207
43126,1413.226317
43127,1647.942199
43128,1971.353203
43129,559.8183488
43130,3001.144775
43131,3943.909746
43132,4574.031364
43133,4660.068733
43134,4859.255094
43135,4227.697188
43136,3769.181807
43137,3444.888084
43138,2822.396425
43139,2396.697828
43140,605.8657677
43141,1966.811269
43142,1488.399119
43143,1198.45478
43144,1074.175714
43145,1186.691022
43146,1159.21635
43147,1005.083669
43148,974.7559222
43149,960.0101331
43150,885.3233703
43151,657.5386991
43152,828.1703239
43153,730.2851479
43154,571.8518123
43155,616.0931859
43156,643.0569119
43157,635.5889901
43158,645.4651304
43159,410.2278539
43160,567.2118131
43161,632.2834607
43162,649.8792771
43163,665.5307778
43164,561.5403273
43165,439.3457024
43166,379.3802406
43167,322.1413707
43168,326.9660299
43169,354.4886903
43170,489.9166514
43171,379.2333545
43172,389.9991574
43173,438.7415762
43174,528.8004815
43175,580.5198228
43176,776.7632446
43177,1002.54207
43178,1413.226317
43179,1647.942199
43180,1971.353203
43181,559.8183488
43182,3001.144775
43183,3943.909746
43184,4574.031364
43185,4660.068733
43186,4859.255095
43187,4227.697188
43188,3769.181807
43189,3444.888085
43190,2822.396425
43191,2396.697829
43192,605.8657677
43193,1966.81127
43194,1488.399119
43195,1198.45478
43196,1074.175714
43197,1186.691022
43198,1159.21635
43199,1005.083669
43200,974.7559222
43201,960.0101331
43202,885.3233703
43203,657.5386991
43204,828.1703239
43205,730.2851479
43206,571.8518123
43207,616.0931859
43208,643.0569119
43209,635.58899
43210,645.4651304
43211,410.2278539
43212,567.2118131
43213,632.2834607
43214,649.8792771
43215,665.5307778
43216,561.5403273
43217,439.3457024
43218,379.3802406
43219,322.1413707
43220,326.9660299
43221,354.4886903
43222,489.9166514
43223,379.2333545
43224,389.9991574
43225,438.7415762
43226,528.8004815
43227,580.5198228
43228,776.7632446
43229,1002.54207
43230,1413.226317
43231,1647.942199
43232,1971.353203
43233,559.8183488
43234,3001.144775
43235,3943.909746
43236,4574.031364
43237,4660.068733
43238,4859.255094
43239,4227.697188
43240,3769.181807
43241,3444.888084
43242,2822.396425
43243,2396.697829
43244,605.8657677
43245,1966.81127
43246,1488.399119
43247,1198.45478
43248,1074.175714
43249,1186.691022
43250,1159.21635
43251,1005.083669
43252,974.7559222
43253,960.0101331
43254,885.3233703
43255,657.5386991
43256,828.1703239
43257,730.2851479
43258,571.8518123
43259,616.0931859
43260,643.0569119
43261,635.58899
43262,645.4651304
43263,410.2278539
43264,567.2118131
43265,632.2834607
43266,649.8792771
43267,665.5307778
43268,561.5403273
43269,439.3457024
43270,379.3802406
43271,322.1413707
43272,326.9660299
43273,354.4886903
43274,489.9166514
43275,379.2333545
43276,389.9991574
43277,438.7415762
43278,528.8004815
43279,580.5198228
43280,776.7632446
43281,1002.54207
43282,1413.226317
43283,1647.942199
43284,1971.353203
43285,559.8183488
43286,3001.144775
43287,3943.909746
43288,4574.031364
43289,4660.068733
43290,4859.255094
43291,4227.697188
43292,3769.181807
43293,3444.888084
43294,2822.396425
43295,2396.697829
43296,605.8657677
43297,1966.81127
43298,1488.399119
43299,1198.45478
43300,1074.175714
43301,1186.691022
43302,1159.21635
43303,1005.083669
43304,974.7559222
43305,960.0101331
43306,885.3233703
43307,657.5386991
43308,828.1703239
43309,730.2851479
43310,571.8518123
43311,616.0931859
43312,643.0569119
43313,635.5889901
43314,645.4651304
43315,410.2278539
43316,567.2118131
43317,632.2834607
43318,649.8792771
43319,665.5307778
43320,561.5403273
43321,439.3457024
43322,379.3802406
43323,322.1413707
43324,326.9660299
43325,354.4886903
43326,489.9166514
43327,379.2333545
43328,389.9991574
43329,438.7415762
43330,528.8004815
43331,580.5198228
43332,776.7632446
43333,1002.54207
43334,1413.226317
43335,1647.942199
43336,1971.353203
43337,559.8183488
43338,3001.144775
43339,3943.909746
43340,4574.031364
43341,4660.068733
43342,4859.255094
43343,4227.697188
43344,3769.181807
43345,3444.888084
43346,2822.396425
43347,2396.697829
43348,605.8657677
43349,1966.81127
43350,1488.399119
43351,1198.45478
43352,1074.175714
43353,1186.691022
43354,1159.21635
43355,1005.083669
43356,974.7559222
43357,960.0101331
43358,885.3233703
43359,657.5386991
43360,828.1703239
43361,730.2851479
43362,571.8518123
43363,616.0931859
43364,643.0569119
43365,635.58899
43366,645.4651304
43367,410.2278539
43368,567.2118131
43369,632.2834607
43370,649.8792771
43371,665.5307778
43372,561.5403273
43373,439.3457024
43374,379.3802406
43375,322.1413707
43376,326.9660299
43377,354.4886903
43378,489.9166514
43379,379.2333545
43380,389.9991574
43381,438.7415762
43382,528.8004815
43383,580.5198228
43384,776.7632446
43385,1002.54207
43386,1413.226317
43387,1647.942199
43388,1971.353203
43389,559.8183488
